,y_true,y_pred,lower_bound,upper_bound
0,110.0,114.3111,-19.41806,248.04025
1,116.0,112.794106,79.94934,145.63887
2,94.0,108.299095,76.9904,139.60779
3,87.0,105.04095,76.03656,134.04533
4,77.0,101.53613,37.87866,165.1936
5,73.0,97.79621,67.46216,128.13026
6,76.0,92.96509,61.28344,124.646736
7,107.0,88.06287,53.171616,122.95412
8,71.0,82.54772,-23.97641,189.07185
9,57.0,76.81606,26.744942,126.887184
10,50.0,72.360916,38.296833,106.425
11,67.0,68.399796,31.917114,104.88248
