,y_true,y_pred,lower_bound,upper_bound
0,110.0,113.09051,81.25591,144.92511
1,116.0,110.95131,78.40529,143.49733
2,94.0,107.69729,75.396576,139.998
3,87.0,106.06673,72.902374,139.23108
4,77.0,102.33541,69.71249,134.95834
5,73.0,98.44926,65.48117,131.41734
6,76.0,93.713806,60.83475,126.592865
7,107.0,87.90795,53.923622,121.89228
8,71.0,82.27946,48.451366,116.107544
9,57.0,77.99351,43.476154,112.510864
10,50.0,74.73211,42.742367,106.72185
11,67.0,72.22737,38.213276,106.24147
